filename	acq_time
eeg/sub-1_ses-0_task-imagery_run-0_eeg.edf	2024-01-01T00:00:00.000000Z
eeg/sub-1_ses-0_task-imagery_run-10_eeg.edf	2024-01-01T00:00:00.000000Z
eeg/sub-1_ses-0_task-imagery_run-11_eeg.edf	2024-01-01T00:00:00.000000Z
eeg/sub-1_ses-0_task-imagery_run-12_eeg.edf	2024-01-01T00:00:00.000000Z
eeg/sub-1_ses-0_task-imagery_run-13_eeg.edf	2024-01-01T00:00:00.000000Z
eeg/sub-1_ses-0_task-imagery_run-14_eeg.edf	2024-01-01T00:00:00.000000Z
eeg/sub-1_ses-0_task-imagery_run-15_eeg.edf	2024-01-01T00:00:00.000000Z
eeg/sub-1_ses-0_task-imagery_run-16_eeg.edf	2024-01-01T00:00:00.000000Z
eeg/sub-1_ses-0_task-imagery_run-17_eeg.edf	2024-01-01T00:00:00.000000Z
eeg/sub-1_ses-0_task-imagery_run-18_eeg.edf	2024-01-01T00:00:00.000000Z
eeg/sub-1_ses-0_task-imagery_run-19_eeg.edf	2024-01-01T00:00:00.000000Z
eeg/sub-1_ses-0_task-imagery_run-1_eeg.edf	2024-01-01T00:00:00.000000Z
eeg/sub-1_ses-0_task-imagery_run-20_eeg.edf	2024-01-01T00:00:00.000000Z
eeg/sub-1_ses-0_task-imagery_run-21_eeg.edf	2024-01-01T00:00:00.000000Z
eeg/sub-1_ses-0_task-imagery_run-22_eeg.edf	2024-01-01T00:00:00.000000Z
eeg/sub-1_ses-0_task-imagery_run-23_eeg.edf	2024-01-01T00:00:00.000000Z
eeg/sub-1_ses-0_task-imagery_run-24_eeg.edf	2024-01-01T00:00:00.000000Z
eeg/sub-1_ses-0_task-imagery_run-25_eeg.edf	2024-01-01T00:00:00.000000Z
eeg/sub-1_ses-0_task-imagery_run-26_eeg.edf	2024-01-01T00:00:00.000000Z
eeg/sub-1_ses-0_task-imagery_run-27_eeg.edf	2024-01-01T00:00:00.000000Z
eeg/sub-1_ses-0_task-imagery_run-28_eeg.edf	2024-01-01T00:00:00.000000Z
eeg/sub-1_ses-0_task-imagery_run-29_eeg.edf	2024-01-01T00:00:00.000000Z
eeg/sub-1_ses-0_task-imagery_run-2_eeg.edf	2024-01-01T00:00:00.000000Z
eeg/sub-1_ses-0_task-imagery_run-30_eeg.edf	2024-01-01T00:00:00.000000Z
eeg/sub-1_ses-0_task-imagery_run-31_eeg.edf	2024-01-01T00:00:00.000000Z
eeg/sub-1_ses-0_task-imagery_run-32_eeg.edf	2024-01-01T00:00:00.000000Z
eeg/sub-1_ses-0_task-imagery_run-33_eeg.edf	2024-01-01T00:00:00.000000Z
eeg/sub-1_ses-0_task-imagery_run-34_eeg.edf	2024-01-01T00:00:00.000000Z
eeg/sub-1_ses-0_task-imagery_run-35_eeg.edf	2024-01-01T00:00:00.000000Z
eeg/sub-1_ses-0_task-imagery_run-36_eeg.edf	2024-01-01T00:00:00.000000Z
eeg/sub-1_ses-0_task-imagery_run-37_eeg.edf	2024-01-01T00:00:00.000000Z
eeg/sub-1_ses-0_task-imagery_run-38_eeg.edf	2024-01-01T00:00:00.000000Z
eeg/sub-1_ses-0_task-imagery_run-39_eeg.edf	2024-01-01T00:00:00.000000Z
eeg/sub-1_ses-0_task-imagery_run-3_eeg.edf	2024-01-01T00:00:00.000000Z
eeg/sub-1_ses-0_task-imagery_run-40_eeg.edf	2024-01-01T00:00:00.000000Z
eeg/sub-1_ses-0_task-imagery_run-41_eeg.edf	2024-01-01T00:00:00.000000Z
eeg/sub-1_ses-0_task-imagery_run-42_eeg.edf	2024-01-01T00:00:00.000000Z
eeg/sub-1_ses-0_task-imagery_run-43_eeg.edf	2024-01-01T00:00:00.000000Z
eeg/sub-1_ses-0_task-imagery_run-44_eeg.edf	2024-01-01T00:00:00.000000Z
eeg/sub-1_ses-0_task-imagery_run-45_eeg.edf	2024-01-01T00:00:00.000000Z
eeg/sub-1_ses-0_task-imagery_run-46_eeg.edf	2024-01-01T00:00:00.000000Z
eeg/sub-1_ses-0_task-imagery_run-47_eeg.edf	2024-01-01T00:00:00.000000Z
eeg/sub-1_ses-0_task-imagery_run-48_eeg.edf	2024-01-01T00:00:00.000000Z
eeg/sub-1_ses-0_task-imagery_run-49_eeg.edf	2024-01-01T00:00:00.000000Z
eeg/sub-1_ses-0_task-imagery_run-4_eeg.edf	2024-01-01T00:00:00.000000Z
eeg/sub-1_ses-0_task-imagery_run-50_eeg.edf	2024-01-01T00:00:00.000000Z
eeg/sub-1_ses-0_task-imagery_run-51_eeg.edf	2024-01-01T00:00:00.000000Z
eeg/sub-1_ses-0_task-imagery_run-52_eeg.edf	2024-01-01T00:00:00.000000Z
eeg/sub-1_ses-0_task-imagery_run-53_eeg.edf	2024-01-01T00:00:00.000000Z
eeg/sub-1_ses-0_task-imagery_run-54_eeg.edf	2024-01-01T00:00:00.000000Z
eeg/sub-1_ses-0_task-imagery_run-55_eeg.edf	2024-01-01T00:00:00.000000Z
eeg/sub-1_ses-0_task-imagery_run-56_eeg.edf	2024-01-01T00:00:00.000000Z
eeg/sub-1_ses-0_task-imagery_run-57_eeg.edf	2024-01-01T00:00:00.000000Z
eeg/sub-1_ses-0_task-imagery_run-58_eeg.edf	2024-01-01T00:00:00.000000Z
eeg/sub-1_ses-0_task-imagery_run-59_eeg.edf	2024-01-01T00:00:00.000000Z
eeg/sub-1_ses-0_task-imagery_run-5_eeg.edf	2024-01-01T00:00:00.000000Z
eeg/sub-1_ses-0_task-imagery_run-60_eeg.edf	2024-01-01T00:00:00.000000Z
eeg/sub-1_ses-0_task-imagery_run-61_eeg.edf	2024-01-01T00:00:00.000000Z
eeg/sub-1_ses-0_task-imagery_run-62_eeg.edf	2024-01-01T00:00:00.000000Z
eeg/sub-1_ses-0_task-imagery_run-63_eeg.edf	2024-01-01T00:00:00.000000Z
eeg/sub-1_ses-0_task-imagery_run-64_eeg.edf	2024-01-01T00:00:00.000000Z
eeg/sub-1_ses-0_task-imagery_run-65_eeg.edf	2024-01-01T00:00:00.000000Z
eeg/sub-1_ses-0_task-imagery_run-66_eeg.edf	2024-01-01T00:00:00.000000Z
eeg/sub-1_ses-0_task-imagery_run-67_eeg.edf	2024-01-01T00:00:00.000000Z
eeg/sub-1_ses-0_task-imagery_run-68_eeg.edf	2024-01-01T00:00:00.000000Z
eeg/sub-1_ses-0_task-imagery_run-69_eeg.edf	2024-01-01T00:00:00.000000Z
eeg/sub-1_ses-0_task-imagery_run-6_eeg.edf	2024-01-01T00:00:00.000000Z
eeg/sub-1_ses-0_task-imagery_run-70_eeg.edf	2024-01-01T00:00:00.000000Z
eeg/sub-1_ses-0_task-imagery_run-71_eeg.edf	2024-01-01T00:00:00.000000Z
eeg/sub-1_ses-0_task-imagery_run-72_eeg.edf	2024-01-01T00:00:00.000000Z
eeg/sub-1_ses-0_task-imagery_run-73_eeg.edf	2024-01-01T00:00:00.000000Z
eeg/sub-1_ses-0_task-imagery_run-74_eeg.edf	2024-01-01T00:00:00.000000Z
eeg/sub-1_ses-0_task-imagery_run-75_eeg.edf	2024-01-01T00:00:00.000000Z
eeg/sub-1_ses-0_task-imagery_run-76_eeg.edf	2024-01-01T00:00:00.000000Z
eeg/sub-1_ses-0_task-imagery_run-77_eeg.edf	2024-01-01T00:00:00.000000Z
eeg/sub-1_ses-0_task-imagery_run-78_eeg.edf	2024-01-01T00:00:00.000000Z
eeg/sub-1_ses-0_task-imagery_run-79_eeg.edf	2024-01-01T00:00:00.000000Z
eeg/sub-1_ses-0_task-imagery_run-7_eeg.edf	2024-01-01T00:00:00.000000Z
eeg/sub-1_ses-0_task-imagery_run-80_eeg.edf	2024-01-01T00:00:00.000000Z
eeg/sub-1_ses-0_task-imagery_run-81_eeg.edf	2024-01-01T00:00:00.000000Z
eeg/sub-1_ses-0_task-imagery_run-82_eeg.edf	2024-01-01T00:00:00.000000Z
eeg/sub-1_ses-0_task-imagery_run-83_eeg.edf	2024-01-01T00:00:00.000000Z
eeg/sub-1_ses-0_task-imagery_run-84_eeg.edf	2024-01-01T00:00:00.000000Z
eeg/sub-1_ses-0_task-imagery_run-85_eeg.edf	2024-01-01T00:00:00.000000Z
eeg/sub-1_ses-0_task-imagery_run-86_eeg.edf	2024-01-01T00:00:00.000000Z
eeg/sub-1_ses-0_task-imagery_run-87_eeg.edf	2024-01-01T00:00:00.000000Z
eeg/sub-1_ses-0_task-imagery_run-88_eeg.edf	2024-01-01T00:00:00.000000Z
eeg/sub-1_ses-0_task-imagery_run-89_eeg.edf	2024-01-01T00:00:00.000000Z
eeg/sub-1_ses-0_task-imagery_run-8_eeg.edf	2024-01-01T00:00:00.000000Z
eeg/sub-1_ses-0_task-imagery_run-9_eeg.edf	2024-01-01T00:00:00.000000Z
